<?xml version="1.0" encoding="UTF-8"?><TaskRepositories OutputVersion="2"><TaskRepository kind="github" url="https://github.com/eclipse-mylyn/org.eclipse.mylyn/issues" version="unknown" encoding="UTF-8" timezone="Asia/Colombo" org.eclipse.mylyn.tasklist.repositories.proxy.usedefault="true" org.eclipse.mylyn.tasklist.repositories.savePassword="true" org.eclipse.mylyn.tasklist.repositories.httpauth.savePassword="true" org.eclipse.mylyn.tasklist.repositories.proxy.savePassword="true" label="Eclipse Mylyn GitHub Issues" org.eclipse.mylyn.tasklist.repositories.template="true"><Property value="unknown" key="version"/><Property value="UTF-8" key="encoding"/><Property value="Asia/Colombo" key="timezone"/><Property value="true" key="org.eclipse.mylyn.tasklist.repositories.proxy.usedefault"/><Property value="true" key="org.eclipse.mylyn.tasklist.repositories.savePassword"/><Property value="true" key="org.eclipse.mylyn.tasklist.repositories.httpauth.savePassword"/><Property value="true" key="org.eclipse.mylyn.tasklist.repositories.proxy.savePassword"/><Property value="Eclipse Mylyn GitHub Issues" key="label"/><Property value="true" key="org.eclipse.mylyn.tasklist.repositories.template"/></TaskRepository><TaskRepository kind="github" url="https://github.com/eclipse-platform/eclipse.platform/issues" version="unknown" encoding="UTF-8" timezone="Asia/Colombo" org.eclipse.mylyn.tasklist.repositories.proxy.usedefault="true" org.eclipse.mylyn.tasklist.repositories.savePassword="true" org.eclipse.mylyn.tasklist.repositories.httpauth.savePassword="true" org.eclipse.mylyn.tasklist.repositories.proxy.savePassword="true" label="Eclipse Platform GitHub Issues" org.eclipse.mylyn.tasklist.repositories.template="true"><Property value="unknown" key="version"/><Property value="UTF-8" key="encoding"/><Property value="Asia/Colombo" key="timezone"/><Property value="true" key="org.eclipse.mylyn.tasklist.repositories.proxy.usedefault"/><Property value="true" key="org.eclipse.mylyn.tasklist.repositories.savePassword"/><Property value="true" key="org.eclipse.mylyn.tasklist.repositories.httpauth.savePassword"/><Property value="true" key="org.eclipse.mylyn.tasklist.repositories.proxy.savePassword"/><Property value="Eclipse Platform GitHub Issues" key="label"/><Property value="true" key="org.eclipse.mylyn.tasklist.repositories.template"/></TaskRepository><TaskRepository kind="github" url="https://github.com/eclipse-pde/eclipse.pde/issues" version="unknown" encoding="UTF-8" timezone="Asia/Colombo" org.eclipse.mylyn.tasklist.repositories.proxy.usedefault="true" org.eclipse.mylyn.tasklist.repositories.savePassword="true" org.eclipse.mylyn.tasklist.repositories.httpauth.savePassword="true" org.eclipse.mylyn.tasklist.repositories.proxy.savePassword="true" label="Eclipse PDE GitHub Issues" org.eclipse.mylyn.tasklist.repositories.template="true"><Property value="unknown" key="version"/><Property value="UTF-8" key="encoding"/><Property value="Asia/Colombo" key="timezone"/><Property value="true" key="org.eclipse.mylyn.tasklist.repositories.proxy.usedefault"/><Property value="true" key="org.eclipse.mylyn.tasklist.repositories.savePassword"/><Property value="true" key="org.eclipse.mylyn.tasklist.repositories.httpauth.savePassword"/><Property value="true" key="org.eclipse.mylyn.tasklist.repositories.proxy.savePassword"/><Property value="Eclipse PDE GitHub Issues" key="label"/><Property value="true" key="org.eclipse.mylyn.tasklist.repositories.template"/></TaskRepository><TaskRepository kind="github" url="https://github.com/heshanu/headFirstDesignPattern.git" version="unknown" encoding="UTF-8" timezone="Asia/Colombo" org.eclipse.mylyn.tasklist.repositories.proxy.usedefault="true" org.eclipse.mylyn.tasklist.repositories.savePassword="false" org.eclipse.mylyn.tasklist.repositories.httpauth.savePassword="true" org.eclipse.mylyn.tasklist.repositories.proxy.savePassword="false" category="org.eclipse.mylyn.category.bugs" org.eclipse.mylyn.brand.id="" org.eclipse.mylyn.tasklist.repositories.enabled="false" label="heshanu/headFirstDesignPattern.git issues" org.eclipse.mylyn.tasklist.repositories.proxy.hostname="" org.eclipse.mylyn.tasklist.repositories.proxy.port="" org.eclipse.mylyn.tasklist.repositories.proxy.enabled="true" org.eclipse.mylyn.tasklist.repositories.offline="false" org.eclipse.mylyn.internal.tasks.core.REPO_USE_TOKEN="false"><Property value="unknown" key="version"/><Property value="UTF-8" key="encoding"/><Property value="Asia/Colombo" key="timezone"/><Property value="true" key="org.eclipse.mylyn.tasklist.repositories.proxy.usedefault"/><Property value="false" key="org.eclipse.mylyn.tasklist.repositories.savePassword"/><Property value="true" key="org.eclipse.mylyn.tasklist.repositories.httpauth.savePassword"/><Property value="false" key="org.eclipse.mylyn.tasklist.repositories.proxy.savePassword"/><Property value="org.eclipse.mylyn.category.bugs" key="category"/><Property value="" key="org.eclipse.mylyn.brand.id"/><Property value="false" key="org.eclipse.mylyn.tasklist.repositories.enabled"/><Property value="heshanu/headFirstDesignPattern.git issues" key="label"/><Property value="" key="org.eclipse.mylyn.tasklist.repositories.proxy.hostname"/><Property value="" key="org.eclipse.mylyn.tasklist.repositories.proxy.port"/><Property value="true" key="org.eclipse.mylyn.tasklist.repositories.proxy.enabled"/><Property value="false" key="org.eclipse.mylyn.tasklist.repositories.offline"/><Property value="false" key="org.eclipse.mylyn.internal.tasks.core.REPO_USE_TOKEN"/></TaskRepository><TaskRepository kind="local" url="local" version="1" encoding="UTF-8" timezone="Asia/Colombo" org.eclipse.mylyn.tasklist.repositories.proxy.usedefault="true" org.eclipse.mylyn.tasklist.repositories.savePassword="true" org.eclipse.mylyn.tasklist.repositories.httpauth.savePassword="true" org.eclipse.mylyn.tasklist.repositories.proxy.savePassword="true" label="Local" category="org.eclipse.mylyn.category.tasks"><Property value="1" key="version"/><Property value="UTF-8" key="encoding"/><Property value="Asia/Colombo" key="timezone"/><Property value="true" key="org.eclipse.mylyn.tasklist.repositories.proxy.usedefault"/><Property value="true" key="org.eclipse.mylyn.tasklist.repositories.savePassword"/><Property value="true" key="org.eclipse.mylyn.tasklist.repositories.httpauth.savePassword"/><Property value="true" key="org.eclipse.mylyn.tasklist.repositories.proxy.savePassword"/><Property value="Local" key="label"/><Property value="org.eclipse.mylyn.category.tasks" key="category"/></TaskRepository></TaskRepositories>